text,human_label,llm_label
Very good product for bugs,positive,neutral
Had to replace batteries constantly. By accident the base got wet and the dispenser did not work after even with the batteries replaced less than a year. I had to dispose of it.,negative,negative
"Used with an adult cat. Based on other reviews I should note there are two main reasons for a cone. To keep an animal from scratching their head, OR to keep an animal from biting or licking their body. This is only good for the second scenario, which is what I needed it for. The cat does not like it as much as the clear plastic cones, but any of those big enough to keep him from licking his sores also prevent him from eating and drinking. This keeps him from reaching his incision (rear leg amputated) with his mouth, but he can still get to food because it is cloth. It does seem to make him feel more trapped and bummed out, but out of the three I ordered, it is the only one that covered the medical need.",neutral,neutral
"Good, but not his best. Well-researched but basically revolves around the growth of one town in Ohio. Would have liked broader view",neutral,neutral
"Goes on nicely, wears well, but didn't curl my lashes at all.",neutral,neutral
"Tasted very good for a vitamin. However, did not see any difference in hair growth.",positive,neutral
This did not work. Any water that came out of the spout was a sporadic spit of water. Returning.,negative,negative
A stone is missing from it and only used it for two days .,negative,negative
"This cooler looks really nice & sturdy, but the description is identical for all sizes including the listed size. I bought the 16 can and the 30 can and the sizes of both are not as listed. So you'll have to buy it to see if you get what you need. I returned both as the 16 can was just 2 small & the 30 can is way to big.",neutral,negative
"Front landing leg extensions fell off in the first flight. They are held on by friction only and I guess the vibration was all it took to drop them off although I had no excessive vibration warning. I pushed them onto the existing Mavic legs as far as they would go and they seemed secure but when the drone returned after a 20 minute flight, they were gone. The back legs snap on and were still there. The gimbal guard , stick protector and lens hood are fine but the leg extensions were my reason for the purchase. I gave an extra star for the other parts that seem ok.",negative,negative
This item arrived with several cracks from the packaging. I left on the dashboard of my car and it melted. Worst thing I ever saw.,negative,negative
I love the concept of having flowers in my nails but some show up already broken in pieces they are to dry and thin,neutral,negative
Very breathable and easy to put on.,positive,positive
A little disappointed with this sweat vest.. no significant help with sweating.,neutral,negative
"Learned the hard way not to skimp and buy remanufactured ink carts. Got the carts and installed the black one, which was what I needed. Immediately my printer got super clogged and went from printing fine to printing 1” stripes across the paper. No amount of head cleaning and alignment would fix the problem. I ended up throwing the printer away and buying the newer model which was on sale. $50 for the new printer plus the cost of this horrible ink makes for an expensive lesson.",negative,negative
NICE PRODUCT FOR THE MONEY,positive,positive
I absolutely love it. It's TRUE to size. I wear a 12 and purchased a LG. Perfect fit,positive,positive
"This fabric was so disappointing and it looked completely different in person, it's not rose gold and its dull. How can sequins be dull, it's an oxymoron!!",negative,negative
I got this bottle for drinking my essential oils. Must use a glass or stainless steel container. There is a small plastic ring in the lid that can not withstand the oils. So now that ring is gone and the lid won’t seal.,negative,negative
Just what I expected. Took stain beautifully! Very happy with my project. Pretty heavy block of wood.,positive,positive
The consistency of this color started gloppy and after a few uses has gotten a lot worse. The color is nice and if you can get the application to go on well; it is a very nice white. But it's not a smooth application. I'm still in search of a white color that is easy to apply and comes out pretty and opaque.,neutral,neutral
"Just like everyone else, I bought these so I could have my phone right next to my face while going to sleep, so it's not like I was yanking my phone around with these cords. But yes, they all crapped out on me in 6 months. The connection was so poor my phone kept warning me something about 'insufficient charging'.",neutral,negative
The color is not what I would call dark Navy. Or I should say the shirts I received. They look more like a mix of gray and blue not dark anything.. The size is good and they fit. I kept them as the color does not make much of a difference to me. Ron,positive,neutral
Great sound but the cable that connects to the earphones come undone way to easy. If you’re moving around on stage a lot I wouldn’t recommend it.,negative,negative
"If only the ring part were not metal, perhaps you could fold it out to alow wireless charging compatibility.",negative,negative
"This probably works fine as an IR extender. I bought it on the basis of using it with a OTG breakout cable, to control the normally non-IR equipped FireTV stick. I knew this was an extender and not a USB sensor when I bought it, but seeing as the seller had told another customer confidently ""Yes, it will work with FireTV"" - I thought It'd give it a shot, if nothing else, I could call out the seller's lies. It arrived, tested it, yeah...It's just an IR extender, as expected, no USB data functionality. This is fine, it's advertised as this. What gets it 1-star is the irresponsible, inexperienced, lazy seller telling another customer that it can do what it cannot.",negative,negative
Perfect quality my sis loved them!,positive,positive
"Product looks great. It's a much better solution than the clutter of numerous DVD cases. I marked it down one star because the cases are not self contained. It would be better if the binding portion of the ""book"" had a zipper to hold all the disks in.",positive,neutral
"The teapot came with many visible scratches on it. After repeated efforts to contact the seller, they have simply ignored requests to replace or refund money.",negative,negative
This product is NOT Depends. It is after market. Waste of money.,negative,negative
So thin...I could gather info from Google.,positive,negative
"I really like this bag. It was a gift, and I did not have a chance to use it for several months after I received it . The zipper broke on the first use. It has been too long to return it at this point.",negative,negative
"This is a nice looking band with some serious problems. First, the clasp is nearly impossible to open, especially one-handed. Second, if you make it small enough to fit your wrist (in order to get the HR monitor to register), then it is even more difficult to get back on if you are able to get it open and off.",negative,negative
It was a mistake. I meant to order Quicken for Dummies. My mistake.,negative,neutral
Granddaughter really likes it for her volleyball. well constructed and nice way to carry ball.,positive,positive
These are freaking adorable! I hung pictures from them. I had these rated a 5 star when i first got them up until I’ve had them for two days and the lights went out. Changed the batteries & still won’t work. All the clips worked fine & it was cute. But the whole point was to have a suttle light & they stopped working. Return started.,negative,negative
"I ordered a new helmet because the one I’m currently using is too big. I have a large so I ordered this one in medium. Shipping was SOOOO fast, very impressed by that. However the medium that I ordered was even bigger than the large I had before so I had to return it. I sent it back the very next day and still have not gotten a refund. I like the helmet and planned on ordering a small once I got the refund for the medium but it’s been 16 days and they still say they haven’t received the item. Getting a little discouraged.",neutral,negative
"Our family does a game night most weeks and I got this thinking it would be fun to play. And it was. We played it 3 times (2 adults and 2 kids, 11 and 10) before we figured out how to win every time. Even the ""more challenging"" level is just more flooding, which, once solved, isn't much of a challenge. I was hoping for re-playability, but we've taken this one out of the rotation. Fun and interesting the first couple of times through, though.",neutral,negative
The lock was very easy to install. I would give it 5 stars if 1) it didn't take as long to recognize your home and connect/unlock the door and 2) the apps auto-unlock zone wasn't so large as when leaving my town i travel on a road that's back in range after i leave the house so it wants to unlock the door again.,positive,negative
"Sound is pretty good. I wanted it for the microphone (Bluetooth connected to my iPhone), as well as for the speaker. But, the microphone isn't that good. You need to have it right by your mouth for the other person to hear you. If you want it just for the speaker, the sound is pretty good for the price!",neutral,neutral
"I’m usually a small in everything, and when I ordered this and tried it on, I couldn’t breathe in it. Way too tight.",neutral,negative
The time I ordered it until I received it was good. I felt the shipping cost was too much. Can not verify the effectiveness of this product until I take it for some time.,positive,neutral
It's only been a few weeks and it looks moldy & horrible. I bought from the manufacturer last year and had no problems.,negative,negative
"I want to love it, it's a solid tool and I got it because my friend used his chain breaker with this tool to save me on a long bike ride. The case is cool too. But why only 3 stars? Well it fell apart on me on a couple occasions and the parts went every where. Kind of sucks that I need a tool to fix a tool. And when it fell apart the first time I didn't and then I guess my hand tightening wasn't enough. I've still yet to dig around to fine the correct size tool to fix it. I don't even see why it is so easy to take apart? Also I wish I would have gotten a tool with a 15mm. On it's own it wouldn't be a huge deal especially since a couple of my bikes don't need it, but enough of the bikes I work on do. Even if it was like an optional side item. I've seen other tools for the price and size with it. So to sum it up. It's not a bad tool, I've done some wrenching with it. I've also had to wrench it and it's parts have fallen on the ground on more than one occasion, for the price I wish I would have gotten something else.",neutral,neutral
"Very fun game at first but after playing for three or four days, the game crashed and I completely lost all my save data. So all that time went straight out and I lost everything Very disappointing.",negative,negative
Not to well when u have to erase it,negative,negative
"Whenever we take our switch anywhere we use this. it's nice and compact, protects the system, and carries all of our games. It's super handy. Unfortunately it doesn't have any spare space at all, so if you want to bring extra joycons or pro controllers you're on your own.",positive,neutral
The outer packing was rotten by the time it arrived and it can not be returned.,neutral,negative
Was excellent when it first came out! Doesn't look the same,negative,neutral
"I use this bag to carry several Dewalt tools. Unlike costlier bags with multiple pockets, this bag has only one, which is exactly what I needed. Large, sturdy, heavy duty zipper... it's a great bag.",positive,positive
Not enough information and it seems to behave erratically. Not contacted Tech Support yet. Support URL in printed instructions is dead. Needs better instructions for VOIP POTS without cordless phones in home. I am somewhat allergic to radios. Literature does not tell what to expect when CPR Call blocker is disconnected for short period of time. It depends entirely on talk line battery. I need it to work and am not giving up. Tech support seems to be illusive.,neutral,negative
Replacement got missing original volume. Came in perfect condition.,positive,neutral
Made a money gift fun for all,positive,positive
Finger print scanned does not work with it on,negative,negative
I liked how thick the product was also very sticky but it was very difficult to install and had a lot of air bubbles underneath that I was unable to remove,negative,negative
It is really very small. But it works,positive,neutral
Smaller than expected.. it’s also lightweight too and keeps falling off my baby. Keeping it though cuz it’s still cute.,positive,neutral
Looks great. Just make sure you are really close to your waist size,positive,negative
"I can not tell you how many times I have bought one of these. My dogs are obsessed with them! The legs don’t last long but the rest of it does, probably one of the longer lasting toys they have had.",positive,positive
"Much darker than I expected, beautiful, but flowers are so big, I can't stand far enough away in my bathroom to get the full effect. Just not what I was trying for, so I reordered another style. Smaller sunflowers. But quality is great, and for some I am sure perfect.",neutral,neutral
"Sandals are cute, I was expecting a richer color, but they are still cute(Olive Green). They are true to size. I wear a 10, and ordered my size, the width is goid as well. Delivery was fast. My only complaint is the shoe does rub against the top of my foot, by the buckle. I'm sure I will have to put a bandaid there, to keep from getting a blister, but I am going to keep them",positive,positive
I just got these in the mail. Work for like a minute and than gives me the accessory is not supported by this iPhone. I have the iPhone 7. It’s really wack for a deal of two of them,negative,negative
"How to go over the directions a couple of times but once done , easy , Best to shake them off outside after cutting. ! They will shed. Multi",positive,neutral
Not super durable. The bag holds up okay but the drawstrings sometimes tear if the bag gets past a couple lbs.,neutral,negative
"Although the skull cap is 100% what I ordered, I continue to be dismayed, that this item, as well as others that I have ordered from Amazon; depicting officially licensed US Army Veteran gear is made in China. I for one would gladly pay a premium if this product and others could be manufactured and sold in the good ole US of A!",neutral,negative
"These scents were not as good as I had hoped. You get a lot for you money, but only if you like the scents. There really is only 2 out the collection that I like.",negative,neutral
"Received the new band and was able to install in seconds. Band appears to be much sturdier than what came with the original fitbit. Original band would fall apart under stress, this one stays put so you don't risk losing your fitbit.",positive,positive
I bought 2 of these for my 2 new iPhone 8s and this mount holds the phone securely to the magnet and charges the phone without an issue. Problem I have with both mounts is the phone starts to droop down as I'm driving from the weight of the phone. I don't see any screws to tighten to stiffen the joint so I might have to use some kind of glue to hold it in place. Great concept but it's a bit cheaply made and the quality shows.,negative,negative
I love this product for cleaning my phone Notepad and computer screens,positive,positive
"Perfect size for my space, however the top of clock does not stand up. Will keep just because it’s too much of a hassle to return.",neutral,neutral
I'm trying to get wedding ready and this is a huge help. It helps make me accountable everyday and it comes with some great tips too!,positive,positive
"Very cheaply made, its not worth your money, ours came already broken and looks like it's been played with, retaped, resold.",negative,negative
Not very flexible so you will need extension arms to properly direct your GoPro.,negative,negative
Gerbils chewed up this hut in less than a day. Nothing was left but tiny scraps.,negative,negative
"I think I would do it different if I ever have to it again. When trial fitting them I would mark the end of the first rail with a pencil, that way you won't put on loose or stretch them. Once stuck you cannot undo it.",positive,neutral
"Bought this for my granddaughter, who is 18 months, for Christmas. It is cute and she loves it. The only criticism I have is the music is very loud, even on the low setting. In fact it is so loud, my daughter won't take it home. So it stays at Nan's, for her to play with when sHe visits.",neutral,positive
"It’s ok, buttons are kind of confusing and after 4 months the power button is stuck and we can no longer turn it on or off. Sorta disappointed in this purchase.",neutral,negative
Sorry but these are a waist of money. Washed my handy one time and they come right off. I even glued them on because they were so cheep and didn’t stay when you put the ring on .,negative,negative
Took hours to put together and many pieces were bent. Cheaply made,negative,negative
Easy to install and keep my threadripper nice and cool!,positive,positive
Look good but receive a day late,neutral,neutral
"I like the color, but wish there was more coverage. I have a full size car and the base does not cover all of the seats. And I like the pockets at the base of cover a lot.",positive,neutral
"This was supposed to come with a screen protector and did not. It’s also pretty flimsy, so I will be returning this.",negative,negative
I like this series. The main characters are unusual and very damaged from a terrible childhood. Will is an excellent investigator but due to a disability he believes he is illiterate. Slaughter does a very good job showing how people with dyslexia learn ways to hide their limitations. It will be interesting to see how these characters play out in the future. I understand that Slaughter brings some of the characters from the Grant County series to this series. The crimes are brutal. I'm sure this is a good representation of what police come across in their career. The procedural is well done and kept me interested from start to finish. I'm looking forward to reading more of this series soon.,positive,positive
"Bought this item not even three months ago and am already starting to have problems. The steal slates to support the mattress (as advertised NO BOX SPRING NEEDED) does in fact need that extra layer of support. I am currently using about 7 blankets underneath my mattress for support. However my bed does stay in place, there is storage underneath like I needed and all around is a good product. But if you do plan on buying this item make sure you have the extra support for your mattress!!!",neutral,neutral
"It leaked in the envelope it came in and was almost empty, when I opened It. Which I had read on other reviews, but I thought I'd give it a shot.",negative,negative
"Great easy device for tracking my miles and workout times when my bike is on the trainer. The instruction manual that comes with it is useless, so I had to search online but it wasn't hard to figure out by looking at all the parts that come with it.",positive,positive
I really love this product. I love how big it is compare to others diaper changing pads. I love the extra pockets and on top of that you get a free insulated bottle bag. All of that for an amazing price.,positive,positive
Ordered 4 boxes to stock for staff at work. They all came looking like they got ran over by a truck. They used the worst packing available.,negative,negative
"It is exactly what I was looking for but, it does not clip in well at all. I don't hear the click sound like other bands and I gotta fiddle to make it stay. I'm scared to loose my fit bit. I'm a bit sad since it's the only seller selling such clasps for people like me wanting to make my own band with sweat wicking breathable material.",neutral,negative
"We ordered this set for our Switch because it was a good balance between the price of wired controllers (cheap) and functionality of wireless. Overall the controller works great - good ergonomics, buttons are satisfying, sticks are usable, gyro seems to work, low latency. My only complaints : 1) the rumble is really, really extreme. So much rumble. Some kind of setting to turn it down would be great. 2) the binding procedure was a little weird, but well-explained in the (marginally) translated instructions. Would definitely recommend if you need a couple extra controllers for when friends come over. For a daily driver or to be more pro, some of the more expensive options might be better.",positive,positive
"Pretty thin, weak chair. Not really much good to say about it. It's cheap enough but if you're looking for something super sturdy, keep looking.",negative,negative
"Ever since we have bought this, I have got back pain sitting on the chair. I cannot sit for more than half an hour on my computer table. I hope that I could return this and get my money back. Working from home has become a pain after buying this chair.",negative,negative
"Better quality than I actually expected. Good amount of compression. I'm a nurse working 12 hour shifts, they have been nice to have. I only marked them down because the threads from the all over patterns leave marks on my legs.",positive,neutral
They don’t even work.,negative,negative
"its a great looking product, but when i turned on the sound, the baby is scared of the wagging tail :( shes only 2 years old. i kept it, hopefully she will grow out of fear soon.",neutral,negative
"I got these for my 4 year old so she can transition to using ""big girl"" cups before she starts pre-k this August. They are the perfect size and great for kids just starting to drink from cups without a lid.",positive,positive
"I love the idea of Jack on my socks, the were way too small. I did give them to my daughter, she wares them.",negative,positive
It started bubbling within a week of purchase and use. Thankfully they give you two in the package and the second one has been ok.,neutral,neutral
Was very happy with this product. Liked it so much I ordered several more times. But the last order I made never made it to me. And they sent me a message telling me sorry. But they still took my money.,neutral,negative
still waiting for the first issue,negative,negative
Cheaper than Pet Store,neutral,positive
Nice color but very Small,neutral,neutral
Loved it! And I am still using it. Got a lot I mean a lot of compliments. And the price is right. Everything is just perfect! Thank you,positive,positive
"Expected more out of the movie. Reviews indicated that this would be a cast of thousands, but ended up being maybe a couple of hundred people stranded on the beach. Over all ok, but expected more actors which history showed that over 100,000 stranded on the beach.",neutral,negative
"I am using this product because my sister in law suffers from seizures, an since she is taking the drops the seizures have decreased.",positive,positive
"Love, love, love this! Made cutting my diamonds and triangles a breeze and corners were sharp and precise!",positive,positive
small device unlike those old wide players. Thumbs up,positive,positive
"Not wanting to give it any stars, I gave it 1. Sound quality stinks and that is only with the music it will listen to. It won’t connect or even recognize the Apple 11Pro it was trying to connect to, so it never worked to make phone calls even with my Bose earbuds. I’m going back to Apple products. They know what they’re doing.",negative,negative
"Make sure you have two pairs of pliers, those balls are wedged on TIGHT. They work just fine though.",neutral,positive
"Shifted to just using odorless charcoal lighter fluid from Walmart and it works better. Maybe we were using wrong, but this did not always start our stove and burned very slow.",neutral,positive
These are a good value - sound is clear and headphones are light and comfortable. These are my second pair of same product,positive,positive
Not reliable and did not chop well. Came apart with second use. Pampered Chef is my all-time favorite with Zyliss coming in second.,negative,negative
Don't buy this game the physics are terrible and I am so mad at this game because probably there are about 40 hackers on every single game and the game. Don't doesn't even do anything about it you know they just let the hackers do whatever they want and then they do know that the game is terrible but they're doing absolutely nothing about it and the game keeps on doing updates about their characters really what they should be updating is the physics because it's terrible don't buy this game the physics are terrible and mechanics are terrible the people that obviously the people that built this game was high or something because it's one of the worst games I've honestly ever played in my life I would rather play Pixel Games in this crap it's one of the worst games don't buy,negative,negative
The product is a perfect fit replacement. The stainless steel bars should last much longer than the originals which rusted out.,positive,positive
Not enough rocker underneath for my needs. It's light weight enough. I added thick socks for more cushion but because of not enough rocker it really didn't help me out.,neutral,negative
Fun shirt but Runs small and shrinks after washing.,neutral,neutral
"Used on my ice maker, worked like suppose to.",positive,neutral
My wheels haven’t been stolen so far so I think the wheel locks are doing their part.,neutral,neutral
"The lease is pretty stiff, and I cut off the black rubber handle as it was too large for my hands.",neutral,negative
Durable and super easy to use. Makes felting a hit faster. It comes in a Beautiful box to store it. Recommend.,positive,positive
It keeps the litter box smelling nice.,positive,positive
Its ok just really short,neutral,neutral
"Installed ok, and everything opened as should have, but was not able to use as Windows tried to tag it as official Office, and therefore couldnt open to use it. Might have just been an issue on my end, But didnt work.",negative,negative
Difficult to move the mouth because its stiff. Need a size 7 hand or smaller for fit,neutral,negative
I did not receive this order. Tracking said that it was delivered on 6/6 and signed for by Rose. There is NO Rose at this location. I WANT THIS ITEM!!,negative,negative
"But I am so filled with disappointment. After investing time setting up the reminder schedule on my phone and syncing the watch, it would randomly reset itself, erasing all of the programming. Therefore my child didn't get any reminders the first day she had the watch. After re-doing it all over again, we woke up this morning to find it had reset AGAIN. Now it packed to be shipped back and I am scurrying to find another product that will actually work. As an FYI, the rubber band is very difficult to get on and off a child.",negative,negative
Very small and quite hot,negative,negative
Easy to install and works great!,positive,positive
"The only issue I have with this item, and one of which you should be aware, is that the holes punched in the basket are made toward the top. This results in very sharp edges around the holes inside the basket instead of on the bottom where they should be, As such, if you brush along the bottom of the basket, as you normally would, it will shred your brushes quickly. If you have cheap brushes that wouldn't really be much of a problem but I wouldn't suggest using this with your more expensive ones. I wound a coil of aluminum wire and laid it inside to protect my brushes from the bottom of the basket.",neutral,neutral
The filters arrived on time. The quality is as expected.,positive,positive
"After weeks of experiment, my crayfish does not eat these pellets any more. My crayfish prefer algae tablets or fish flakes. The mystery snails are not interested either. These pellets just melt away in the tank after few hours.",negative,negative
"I'm rather meh about the selection, mostly dark stones were sent, not the bright colorful ones seen in the listing. Some will work for what I need, some won't.",neutral,neutral
My fault for not looking at the dimensions before purchasing. It's SO small.,negative,negative
Received this today and it doesn’t fit my .40 clip very disappointing!!,negative,negative
This item takes 2 AA batteries not 2 C batteries like it says,neutral,negative
"Unbelievable - The back of my iPhone XS cracked (with this case on) after just one drop less than 2 feet from the ground. I trusted you, so disappointed.",negative,negative
Like the product just fine. Easy to get one napkin at a time. Design is nice.,positive,neutral
A little basic and could use more variety but my son loved them!,positive,positive
"The dish rack looks really nice and is spacious, perfect size for a condo sized kitchen. However, we received the product in defective condition. One side of the clear silverware container was broken and therefore the utensil holder could not be used. This pretty much makes the dishrack useless for me, and so I need to get a replacement. I went to Bed Bath and Beyond to buy a new utensil holder for the dish rack.",negative,negative
My hubs is just dealing with it but hates it. The side leather trim started peeling one day after use. Pretty disappointing.,negative,negative
"This makes almost the whole series. Roman Nights will be the last one. Loved them all. Alaskan Nights was awesome. Met my expectations , hot SEAL hero, beautiful & feisty woman. Filled with intrigue, steamy romance & nail biting ending. Have read two other books of yours. Am looking forward to more.",positive,positive
It only took my 2 year old 3 days to figure out how to work this lock. I did a lot of research before buying this lock because I read it was really tough to figure out (from a toddler's perspective). Either she is too smart or the lock is not as child proof as it should be.,negative,positive
"It's an ok bin. I got it to use as a clothes hamper thinking it was more of a linen material, probably my mistake for not reading the description better but it's actually more like a plastic. Decided it would be better suited for my daughter's stuff animals. It's cute and serves a purpose and isn't all that expensive. Just not what I thought it would be when originally purchasing it.",neutral,neutral
I like that the case also came with a screen protector and the case is durable but isn't bulky.,positive,positive
VERY disappointed that the Amazon sticker is directly on the vinyl and ruined the first inch of vinyl.,neutral,negative
"Very thin material, the small fit very large, especially in chest. Not sure who this would fit it's just a strange design and material. For reference I am 5'8, 130lbs, 32DD. Provided no support as well and very flimsy",negative,negative
"This game is okay. However, when I play, instead of swiping up and jumping over trees, apparently, I swipe up and bump into trees. I'm tired of getting the message 'Trees hurt.' or 'Tree Hugger!' It gets annoying after a while, trust me. Ok, fine. THIS GAME IS A NIGHTMARE! JK. It's awesome. (sarcastic)",negative,negative
Very drying on my hair .,negative,negative
Does not fit as the description says!,negative,negative
It’s so cute! I gifted this for a baby shower. My friend loved it. I was not able to feel the blanket. But the feedback was that is so soft. It looks soft from the picture that was sent to me.,positive,positive
Beautifully crafted. No problem removing cake from pan and the cakes look very nice,positive,positive
Falls of cup therefore does not hold tea bag string,negative,negative
Exactly as advertised. Shipped accordingly and fit perfectly. Great item.,positive,positive
"This ink, as far as black and white tattooing goes is the most amazing and smoothest ink I have ever used, it's very dependable and has never let me down",positive,positive
Grateful bottle was wrapped in plastic as lid was unscrewed and product was leaking out.,negative,negative
It will not turn on. It was a gift and the person called and said it does not work. It won't turn on. I would like to send back and get either another or my money back.,negative,negative
"Solid product, helped my back",neutral,positive
Terrible back light bleeding. Will do what I need though.,neutral,negative
I never bought this product so why the hell isn't showing up in my order history,negative,negative
The accuracy is way off so I had to change the timing so it would compensate for that. I have a bug zapper plugged into this in the garage. It comes on for approx. 7 hours in the evening until early morning.,neutral,neutral
This has elastic at both ends of it... which I didn’t like for my taste so I returned it I got a medium. I’m usually a small in everything and I’m a 32DD chest and it was a little big so that’s my mistake. Size down for a fitted look,neutral,negative
"It’s perfect for my needs, but broke after 7 months of daily use.",negative,neutral
"It was open and the bandage inside was quite crooked. Skeeved me out. The rest seemed to be sealed, but the whole thing itched like mad all night (I'd put it on prior to going to bed). It turned out I ordered the wrong item, but they aren't that different, so I'm not that impressed with the item I got. They're all big band-Aids, after all.",negative,negative
Great product. Exactly as advertised. Highly recommend.,positive,positive
"Worst cable I have had to date for my iphone. It's so stiff if you move it at all while plugged in, it disconnects. I have to carefully plug it in all the way and it doesn't give that really solid click feel, then if disturbed at all it loses connection. I have another Anker Powerline 1 cable and it has been great. Not sure how the II can go backwards. My window to return has closed so I guess I'll contact them directly and see if they will replace with a different cable.",negative,negative
"It was a nice cover at first, and does seem like it will offer necessary protection in case of a drop, but after about a week it started discoloring. I ended up returning it.",negative,negative
The product is good. Wish it just presented it self more information.,negative,neutral
"I like knowing it will not leave nasty glue all over my windows when I stop using the film when I finally get around to picking window treatments. I did have small air bubbles pop up around the edges when the temp went below freezing outside which is the reason for 4 stars instead of 5. Not very noticeable, worth it for the film being easier to install and remove than the type with glue!",positive,neutral
We return the batteries and never revive a refund,negative,negative
This rice is from the ice age. It tastes ghastly and revolting. I threw the rest away and I'm sure not even the ants will like it. It seems to be leftovers from Neanderthals which might add some archeological value to it.,negative,negative
"When the lines were hooked up to the outside unit; the hose blew off from the fitting because it was not torqued correctly. Which caused all the freon to leak out, and we had to refill. Thankfully no one was hit by the fitting or pipes when it blew apart. This unit is being used in a small hair salon.",neutral,positive
I returned this item and was never credited to my Visa,neutral,negative
I ordered the yellow colored one. It is way too bright. Feels slippery on feet especially according to the kids when they walk/run.,negative,negative
Works great and very easy to install.,positive,positive
"Works well, no bricking",positive,positive
Expensive. They are dirty after one use and I seem to be reordering all the time just for a quick wipe of the floor.,neutral,negative
"I am very upset and disappointed, a month ago I bought this axial and the second time I went to use it, the control stopped working, the car did not roll or move the direction to any side, I took it to check with a technician and made several tests connecting different controls to the car and it worked perfect but when we put back the control that brought the car did not work, very annoying since in theory this is one of the best cars and brands that are in the market",neutral,negative
"12"" is half the size of a typical beach ball.",neutral,negative
Excellent product a d price,positive,positive
"I bought these candle holders for my baby shower and we were unable to use them because the bolts that came with them were too big and the candle holders were too wobbly to use...this purchase was a waste of money! We tried everything, including glue, and nothing worked!! Nothing stabilized these candle holders.",negative,negative
"I like this tennis trainer because it’s got a bigger base that you’re able to put more weight in. The bottom is also nice and flat so it doesn’t rip over easily. The ball was easy to attach to the string. My kids had a great time with this, getting some practice in.",positive,positive
Sent it back because it’s much bigger than a normal wallet,negative,negative
Very plain taste.. Carmel has so much more flavor but too pricy.. so pay less and get no flavor.. or pay a rediculous amount for very little of product..,neutral,negative
"Thre drawers on these just didn't work for my makeup, so i had to send it back. The small drawers hardly hold anything, and aren't long enough for my mascara tubes or eyeliners, thus rendering then useless for me. I ended up finding a different one that has worked much better.",neutral,negative
Love the pot Really like the copper on it,positive,positive
Small is to large for twin XL,positive,negative
"Opened box and sadly disappointed as unit is Plastic and not steel! Unless I missed something, I didn't see any mention in description of material. I assumed it was steel and we all no what happens when you assume!!",positive,negative
Zero stars!!!! Scam company DO NOT BUY FROM THEM!!!,negative,negative
Like the product . Easy to apply. I have tried the others and nothing works as maybelline works for me.,positive,positive
"What a rip off. Even cheap tools should work more than one time. Bought this and used it once, it quit working so I returned it to the manufacturer and got a new one, and guess what? Used it one time and the thing quit just like the first one. Cost me $18.00 to return it. I’ll be damned if I pay postage again.",negative,negative
Bought for my piano. Tuner would not pick up the top and bottom registers of piano. Also I felt there was too much variance of tuner itself when attempting tuning. Checked it against a tuner app on smart phone and many notes 5 to 10 cents off. Will send back.,negative,negative
Does not fit average tv,negative,negative
Very good product I realy love it,positive,positive
Worked with the torch. Blue flame. It burned hot enough to destroy aluminum foil,positive,positive
Read closely....it's an expansion set...not the game,negative,neutral
"I bought this for my husband. These are good and do the job. My only problem is that I wish the top was attached. It is quite a bit of work to get the bottle in, but once in, the drink stayed cold.",positive,neutral
Not tips. Full nails. Not good for what I wanted. But theres a lot of size choices.,negative,neutral
"It worked... terrible. Very poor quality. I am very disappointed. After using it around one week, I have to say Rubbish.",neutral,negative
"Very cute, however, I only had it for a week before it broke. It was sticking to my case really well, but the end cap came off.",neutral,neutral
"I used this product to take rust stains off my concrete driveway. It reduced the stains, but did not remove them completely. I'm hoping our Southern California sun will do the rest .",neutral,neutral
"I know this tracker is several years old and the technology has improved a lot since then, so I was really not expecting much. I just needed a simple step tracker that clips onto my clothing and syncs with my phone, and the price was incredibly low so I figured why not. I received this tracker on Friday, and by Monday it has stopped syncing with my phone. It worked for 2 days. I have tried troubleshooting this error but cannot fix the problem. I don't know if its the app or the tracker, but either way it was a waste. I also felt like it was not counting enough steps when it was working. Fortunately I ended up getting it for free due to a delivery error, but I'm still annoyed that it is such a piece of garbage.",negative,negative
"It was an okay ending to the story, but the artwork took me aback. It was quite poor, and not what I’ve come to expect.",neutral,negative
"Easy to install, but very thin",neutral,neutral
Nice just not as fancy as I thought. T-shirt material. Nice tho,neutral,neutral
"The desciption needs to be changed to PU leather, NOT LEATHER! this is wrong!!!!",negative,negative
Doesn't fit my spout must be to modern for it.,neutral,negative
the magnets are very weak on some of the letters so it makes it hard for my kids to use them,neutral,negative
"Back is mesh, watch you couldn't see from the photos - unfortunately that means I had to return it because the last thing I need is to get little dots of tan all over me. Otherwise was nice, had to size up to a large like the other reviewers noted.",neutral,negative
"Great puzzle, but has to be assembled perfectly to work. Self made gauges are great. But would like a final view of how the gears should mesh. Mine are slightly out. I will have to guess which ones align and get them to mesh better. This will strictly trial and error as I have no view of the final product.",positive,negative
"All the subjects of this book are very delicate, touchy. They are definitely subjects that need to be addressed and this author, Deborah Rainey, does it in a Godly way. Made me stop and think about my attitudes. God does work all things out for His glory if we will just trust Him.",positive,positive
"I do like this product a lot. I set the 7 programs daily for my pool pump in Florida, where during the summer the pump has to run 8 hours each day to prevent algae growth. With this timer I can run the pump with intervals during the 24 hours of each day, such that the pool water is never sitting still for long times. I took off one star, because it was hard to cut the holes to the right size for the electrical connections. One of the pre-marked holes broke off to a bigger size than I needed.",positive,neutral
Looks and fits fine BUT the yarn is itchy.. should have a lining of some sort or softer yarn.,neutral,neutral
"Pins on the charge port became bent after use. Bottom line, they work but need to be more careful with lifting/placing the controllers in/out of the base.",neutral,neutral
Ordered to use with western themed tree! Blends with the theme well.,positive,positive
My daughter loves the new night light.,positive,positive
We live in a valley and the 15 mile an hour wind gusts completely destroyed it within a week of putting it up.,negative,negative
I chose 3 stars because the book has a sad ending. I was disappointed in it. I don’t always require a happy ending but I only gave it 3 stars. I wouldn’t read it again.,neutral,negative
Some of the lids were bent and the glass had air bubbles in places. I needed them and had to keep but the quality could have been better,negative,neutral
"The magnetic closure is not very strong; otherwise, the case is what I wanted and needed",positive,positive
"In the case of these rings, you get what you pay for. They are easy to wear and I chose them as my fingers changed size temporarily during pregnancy. However, they do not feel particularly study and over the course of a month or two stretched out to be nearly unwearable. I ended up losing two that became too loose. When I replaced with others from the pack, and was reminded of their original fit, I realized that the stretching had occurred.",neutral,negative
Cheaply but great price for what you get,neutral,positive
"Man! What can a girl do to get decent panties?! I used to shop at Victoria Secrets but when their management changed so did their quality and I don't want to spend good money on sub par underwear. So then I tried Target and some of the underwear was good but other pairs feel apart immediately. I was apprehensive about buying underwear in bulk on line but I thought I'd give it a try. I'm 5'8"", 125 pounds and I am and have been a small always. That's my size. These guys ran a lil small for my taste. Now not all of them, but certain colors are made of different fabrics so some fit while others do not. It's weird. If I had bought them in person I probably could have seen the size discrepancy and picked/bought accordingly but you can't do that online. However, they are much cheaper than any where else so maybe that's the trade off. Either way, I'm not super thrilled and will not be buying these guys again.",neutral,negative
Couldnt find these at walmart so i looked on Amazon but later found them at the dollar store. These are obviously overpriced,negative,negative
Too awkward to use. They strips don't stay in place - especially on the lower row of teeth.,negative,negative
"I liked that Lee Strobel talked to people who had experienced miracles and did not write about them. I have read most of his “The Case For” books. They were all good, but this was the best.",positive,positive
Love these lights. So much brighter than my other ones. My other ones barely shine far enough for me to see in front of me these are awesome,positive,positive
This is definitely a fake.,negative,negative
Absolutely stunning!!,positive,positive
The ring was awesome even though it was a little too small but it was beautiful fit perfect,positive,positive
"Works good; Never mind expire date, those are contrived.",positive,neutral
I did not receive the dress I ordered,negative,negative
"Works and light weight, but easy to get all the sheets wet and clumped together which turns all the sheets into a thin bar of soap. Not user friendly, which is a bummer because they are light weight and work well as soap.",negative,negative
"Kinda short. kinda thin, only printed on one side. Good bandannas for dogs, maybe not so much for people, unless you're looking for a thin face covering, then it would be 4 stars. Happy with camo pattern selection and style.",neutral,neutral
"All 4 cables are working fine. Charged Iphone 5s, 6s and Ipod. 6 feet cable is long enough. worth money.",positive,positive
"The plastic wrap covering the address section falls out easily. Not high quality, or long lasting. Got the job done for the trip.",neutral,neutral
Theses beauties are unique and made well. Only con it that they turn my ankles and ugly black.,positive,negative
"I wouldn't know because it says that my item was delivered, but it is not here.",negative,negative
"Just what I wanted, fingers crossed it will hold up too lots of use!",positive,positive
"If not wipe immediately, it streaks, did not like.",negative,negative
They did nothing what the description said. I wore them not even 10 minutes and the began to fog up.,negative,negative
It went on very well but affected the sensitivity of my screen. It only lasted a few days before it pulled up and got caught on my case and the corner broke. Then it kept popping up and doesn't go back down well. Once off it doesn't go back on well.,negative,negative
"Love the wig , its just hard to do the front,I will fix and tweak it,the wig looks like the picture",positive,positive
"One of the product pieces arrieved broken and bent. In order to re attatch, it would need to be welded. Without that piece, the bottom tray will be lop sided. The other shelves are fine and usable.",neutral,negative
I've bought many wigs by far this is the best! I was sceptical about the price and quality but it surpassed my expectations. Loving my new wig great texture natrual looking!!,positive,positive
"I love the way Liv and Cole just naturally go together. She is high society and he likes to fly under the radar, so they balance each other out. This is a fantastic series that I just reread in its entirety. You won't be disappointed.",positive,positive
"X box is awesome , but I’m a little worried about the delivery. The box was set on my front porch this is a $300 plus order and it was also marked handed directly to me , no it was not !!!! I had a small panic attack when my Alexa notified me that it was handed to resident. I ran outside and it was on my side walk 😔",positive,negative
"Very thick, and there is an open space in the side that makes me feel insecure about putting my cards and money inside.",neutral,negative
Just like you would get at the dollar store.,neutral,negative
"The product looks as expected, the only downside is it’s flat. The picture makes it seem that hat had more depth. Meaning it more poking out you have to actually pull out Piece on the hat.",positive,neutral
Not terribly uncomfortable,neutral,neutral
Arrived dented. Better packaging is needed to ship.,neutral,negative
"The product started working well, good sound quality and battery life. After 4 uses, the on off switch started to fail and now does not work at all.",negative,negative
I think it was an Out of the Box Failure. Too cheap to send back. Solved my problem another way.,negative,negative
Big biggg large shoes as expected and loose fitting,negative,positive
"This book is so inspiring and engaging, I read the book in only 2 days. Good info about real estate investing and different strategies mentioned in the book is absolutely phenomenal. I recommend this book!",positive,positive
These switches are awesome I've installed both of them and they work as expected I only wish they had a day-night on them,positive,positive
Fits kind on tight in the chest area and I'm a 38B and purchase large,negative,negative
Not all the colors of beads were included with my kit,neutral,negative
"The grill grates themselves are a hair larger than the grill allows, and one lifts a bit.",neutral,negative
Didn't fit well and it was not as sturdy as expected,negative,negative
Perfect fit and quick delivery!!,positive,positive
The glow powder claims to be kiln fired in; that’s a LIE. The glow powder came off onto EVERYTHING in the fish tanks. One betta Fish survived the trauma. The other one died shortly after this chaos.,negative,negative
Has dairy in it. Not straight coconut milk/cream.,negative,neutral
"The wife and I are Seniors. Seniors tend to lose hair. Can't be helped. She has a very small area that is thinning. Therefore she decided to give this product a try. It works... kind of. Hard to put on. Hard to stay in the hair and if one shampoo's regularly.. it of course washes out. If the price were down... WAY DOWN we might play with this stuff again. However, the value just isn't there for what the product does. We won't buy again.",neutral,negative
"It was great while it lasted, but it started falling apart after a couple of months. The brown inner lining ripped from the inner seam of the leather and it's not really fixable. Not great for long-term every day use.",neutral,negative
"The wicker is wrapped much more loosely than pictured. Basically an outline of the ball, not the multiple layers as shown. Will not buy again.",negative,negative
"Works just fine and dandy, nice snug fit.",positive,positive
Was so excited to put it on my new car. Then I peeled the edge off and the outer ring separated from the middle. Didn't look right when I tried to put them together. Why design them separately like that?,negative,negative
I enjoyed most of the stories. I bought this because of certain authors but found a few new ones to read.,neutral,positive
I personally didn't care for it seemed to really dry my skin out. I was going to return it but my mother decided to just keep it and try it herself.,neutral,neutral
Beautiful but runs big,neutral,neutral
Headlights were nice and all but after installing the retainer clips the piece that the clip holds onto broke. Now I have a broken headlight that is zip tied to hold it in place. Hopefully warranty covers the damage.,neutral,negative
"I liked it, but it kept falling over. I guess that's why the other were angled on the bottom.",neutral,neutral
"Lost my old one for my Flex 4, so bought this one instead. Of course the day this arrives, I find the old one. *rolls eyes* Anyway, now I have a spare, I guess. It works fine.",positive,neutral
I like this flavor the most. Just very expensive on here,neutral,neutral
It didn't stay opened very well when bent backwards.,positive,negative
"Got this for my husband, I didn't know only 1 would fit his router. But that 1 cuts great",neutral,positive
The cleaning brush was not included. Straws are what I thought though.,negative,neutral
"I like the print, but the product image is deceiving. I though the background was an off-white/tan color, but in reality it is a bright white.",neutral,neutral
Last me only couple of week,neutral,negative
"Great quality , works perfect",positive,positive
"very tight fit, very hard to draw the weapon",neutral,negative
"The suction cup is the worst quality I’ve seen, I’ve tried multiple times to stick it to my dashboard however any little bump it falls right off. I will definitely return this",negative,negative
"These are not the official Sonicare replacement brushes, but they fit great on my toothbrush. They are not very different than the original, besides having slightly rougher bristles. This is a great value product.",positive,positive
I love how the waist doesn't have an elastic band in them. I have a bad back and tight waist bands always make my back feel worse.These feel decent...although If they could make them just one size larger..and not just offer plus size....that would be even better for my back.,positive,positive
Bought as a gift and it was a big hit. I do kind of wish the cats hands were slightly bigger.,positive,neutral
Fit great. Only had one pillow case. Expected two. Had a funny industrial order when out of the box but was fine after washed and dried.,positive,positive
"It’s a good deal for the money, but disc 1 for season 2 is missing 3 episodes that are supposed to be on it. I was very disappointed in finding that out. How could they mess that up?",neutral,negative
Our 6 month old Daughter always needs a security blanket wherever we go. We bought these as backups and they have been so durable and they are really cute too.,positive,positive
going to order more soon,positive,positive
Pretty good for cheap hydrometers. One was way off but I suppose that's not too bad.,positive,neutral
Love these blades for my Gillette Fusion. I tried many cheaper razors and none worked as well. I do not use on my face as I’m a woman who just likes the Fusion better than any razor. The only issue is the top part flips back a lot and it hurts to shave that way but other than that they are great. Sadly this 3rd order will be my last due to price increase.,positive,neutral
"The device is nicely designed and quiet and seems to do a good job lowering allergen levels in our bedroom. However, it has one really silly design flaw - when plugged in it is always lit with an LED (red when off, blue when running). These lights are much dimmer than the night light they offer, but still much brighter than they should be for one's bedroom. I tape over the light, but it is impossible to block it out completely without also interfering with the air flow. Too bad!",negative,negative
Attracts small ants.. at least in S Florida,neutral,negative
They were beautiful and worked great for the agape items I needed them for.,positive,positive
I got the Phone system on time and in good shape. It was what I ordered and in good shape.,positive,positive
"Thought this was a magnetic sticker, I was mistaken.",neutral,neutral
Was a gift for my sister and she loves it,positive,positive
"Bought these to use on the beach. They're nice for drinks and help keep them studier. However, they don't work for snacks because they're so low to the ground that there's no way that sand doesn't get kicked into them. I think they'd be useful for drinks for almost any outdoor venue to give a little extra spill protection, although they'll only work on a fairly flat surface. The plastic is quite thick and hard, so they seem very durable.",positive,positive
Looks like junk after te first use.,neutral,negative
I love the way these look but they were a bit small on me but I made it work! And they are very comfy and soft,neutral,positive
I am a size 10 and I ordered a L. It is huge and boxy on me. The sleeves are even too long ( I am 5'7 so its not that I have short arms). Maybe a small would have fit better. I would return it but I didn't try it on when I got it and now it is too late.,negative,negative
This is just ok! Makes a buzzing noise while plugged in. My 12.00 toaster was just as good. Nothing special about this one,negative,negative
They’re a nice marker but they’re not your typical brush pen! The brush marker isn’t at all flexible and it’s hard to get the calligraphy look with them!,neutral,negative
Like the product but not to happy that the funnel was crushed.,neutral,negative
"The sheets are soft, but I'm not really seeing a difference between these and the Walmart brand of Jersey knit sheets aside from these being a little bit more pricey. And I wish they came in black! I haven't put them on the bed yet because it's hot upstairs and I firmly believe these will make us sweat, going to save them for cooler weather. I'm glad I have them, but I'm not overly impressed.",neutral,neutral
Total waste of money. None worked. I try to inflate myself and the balloon immediately deflated so I went to a local balloon store and paid the owner blow up the others I bought the balloon still didn’t inflate...:( I totally do not recommend buying this product waste of money,negative,negative
"one of them died on the first rain, one is still working good.",negative,negative
"The only thing I didn't like was the delivery time, It actually took 3 weeks, but the product is great. A great looking product for the cost.",positive,positive
"I'm torn. This is Quite Good Ginger Ale. The only problem is that I think it destroyed by coffee canister and my bag of noodles. I keep meaning to compare its ingredients to those of Canada Dry. My Polish grandfather used to swear by ginger ale when someone was sick. He said it restored... I forget what it restored, but I'm thinking the ingredients were the restoring factor. Back in the days of my Polish Grandfather, the only commercial Ginger Ale, that I know of, was Canada Dry.",neutral,neutral
These cards are lovely! Nice quality paper and the gold foil is beautiful! The envelopes are white while the cards are cream/Ivory so my only wish is that the envelopes better matched the card color.,positive,positive
I absolutely love this necklace. I was afraid that it would look cheap or poorly made but it is wonderful.,positive,positive
I had these desk top fan since Christmas 2017 and only used them a hand full of times and now the fans don’t even work. What a waste of money.,negative,negative
"The iron works good, but its very small, almost delicate. The insulation parts on the tip were plastic not ceramic. Came with the plug that's a bonus. But it took quite a bit longer then most things on amazon to ship. I use it for soldering race drones, i ordered the smaller tip, and its actually to small for all but my micro drones. Had to order another tip. Gets hot pretty quick. Apparently this is a firmware upgrade you can do to make it better, but i didn't have to use it.",neutral,neutral
"Have not used the item yet, but price great and worth trying. Delivery is what is so great! Ordered one night and arrived the next evening! Fantastic!",positive,positive
I have returned it. Did not like it.,negative,negative
"The ring is a little thicker than I expected, but it looks great and feels great. It fits so well that it leaves little space for my finger to get air.",positive,positive
"Short handle, scoop to narrow, scraper material too thin and easy to bend.",neutral,negative
Waist is too tight. Doesn't fit. I tried a 44 and that's too large. What I need is a 43 but that is not available. I'm lost.,negative,negative
I liked it. It just jammed a few times about 20-25 staples on and off. but it got the job done. ups not a bad price,positive,positive
I picked this book because the story had potential. Prologue was well written and gives you that thrill of anticipation for the next page. Then the first chapter happened...the POV writing was choppy and full cliches. I really tried to finish this book but more of the same on the next chapters and I lost interest.,negative,negative
"When I recieved it, the outer sleeve was kinda banged up that was it tho everything else was perfect it's definitely worth it for the price",positive,positive
"Three of the lids broke after only a few months of use. Very disappointing, and we will not buy from this manufacturer again.",negative,negative
would be great if it was wider.,neutral,neutral
"Used as described, first time use, it hold but when finish out day found it bent. I was not expecting something like this for the price, the item and finishing looks well made but it seems material is too weak. Very disappointed",negative,negative
"but overall quality is not that good, UPDATE: and they harm your feet :(",neutral,negative
Really nice looking but very heavy and sweats easily.,neutral,neutral
Ordered these for a friend and he loved them!,positive,positive
Gets linty quick it's more of q cotton martial,negative,neutral
"Smells great but won’t stay in place in urinal, slips down in hole.",negative,negative
When I opened the bag the product smelled of chemical. Which isn't very surprising. Thought I just may have to wash it. I held it up and the fabric was awful. Itchy feeling and very heavy. I tried it on anyway once again I thought after wash this may change. Well it felt heavy on and it has no shape. This is not breathable fabric at all. So I did not wash it repackaged it and sent it back. I bought it to hang around the water park or beach with the kids as a cover up. Nope,negative,negative
"Cheap material/fabric. Won't survive one wash. Asian size that will only fit a Doll not a Human. Once again sellers are Amazon listing clothes as American sizes but not referencing that the product is from China or Asian Country. Don;t buy this, you will be wasting your time to mail it back.",negative,negative
"I initially was impressed by the material quality of the headphones, but as I connected the headphones to listen to my song there was a problem. There is constantly this weird ""old cable tv that has lost it's signal sound"" in the background when trying to listen to anything. Pretty disappointed.",neutral,negative
I bought these thinking it would be the same as the eddy kids water bottle but bigger. The straw is different and gets clogged with air bubbles. My kids often bring me these bottles to “fix” because the straw doesn’t work correctly,negative,negative
Solid value for the money. I’ve yet to have a problem with the first pair I bought. Buying a second for my second box.,positive,positive
"Great product as always from SanDisk. Great write speed, quick downloads onto your computer, etc. I'll continue to buy as needed.",positive,positive
The 8 year old nephew said he wanted this for his birthday. I felt it was a bit much for a toy but he caught me on a good day. Come to find out it's a fragile collectible so the nephew lost all the small parts the moment he opened it. I guess it's adequate for collectors that want detail on such a small figurine.,neutral,negative
It’s very bad i buy one it’s not working,negative,negative
"When I received this product, I took the tracker out of the package and plugged it in in order to charge it-it never turned on! I did that was suggested, but to no avail!",negative,negative
"The Specs say 1000 lumens max. I compared this against a relatively new LED flashlight from a different producer. That other flashlight was rated 300 lumens and it seemed to produce more light output than this flashlight when operating with a freshly charged battery and at the high power setting. I'm not saying that this is a Bad flashlight - I got it on a lightning deal for a pretty good price, but I really don't think the 1,000 lumen rating is realistic. I put it closer to 200 or so based on a comparison with a light rated at 300, and a few LED Mag Lite Replacements that are rated at a bit over 200. To measure light output accurately requires expensive equipment that few people have access to - so this is just doing things by eye - but I don't think my eyesight is that bad..... I do like the idea of the lithium ion rechargeable battery - but I don't think I would purchase another one of these....",neutral,negative
"Perfect for diabetic foot pain. My boyfriend has diabetes and I was tired of always rubbing his feet to ""push the blood out of them"". Now he sits on the couch for an hour each night wearing these, wondering why we never heard of these before! The only issue is, its hard to figure out which one is the left and which one is the right. They are labeled on the side but its hard to see. I ended up putting a label on the right one to know which is which. I have tried them too, they are great.",positive,positive
Total upgrade from a 48” tv to this awesome picture and great value for a tv this size!! Super fast shipping as promised.,positive,positive
"Controllers are not top quality, buttons stick",neutral,negative
Don't like the whole silk nylon feel of this item way too hot for summer and uncomfortable for something that's supposed to clean to you again very small not for thicker women if you have a flat stomach you maybe to pull this off Constable however it is a hot material so I would recommend wearing it at night when you're going out or something is not something that you would think of cloth that you can wear during a summer day and just don't some cute flip flops it's very hot very tight and weird material,negative,negative
"Pretty easy to work with, the finished driveway looks very nice have to see over time how it lasts , Happy with the results .",positive,positive
I like this case a lot but it broke on me 3 times lol it's not very durable but it's cute! the bumper and clear part will snap apart,neutral,neutral
"These bags are so easy, I love them! My ONLY problem is the measurements are way off! I took one bag and marked it correctly as a reference. If it wasn't for that they would be a 5 star. I've gone through almost 35 now and not one has leaked.",neutral,neutral
This hose is VERY thin compared to the one that came with the air conditioner. Wire popped out the end the first time I installed it. I say first time because it would not stay attached to the air conditioner. The coils seemed a hair too small and would slide straight out any time someone (or even the cat) bumped the air conditioner or the hose.,neutral,negative
great to have on vinyl.... wish they'd reissue CORE!!!!,positive,negative
"Completely thought this was a wall decal that’s sticks right away. You have to remove the butterflies from the card and still put the adhesive sticker on it. Some stickers are a bit big for the butterfly. It still looks nice, but requires a bit more effort than other wall decals",negative,neutral
Its hard to leave a product review for my cats. The Cat Chews came quickly and 1 of my 3 cats are interested in them. The other 2 don't show a lot of interest although I'm sure it doesn't really have anything to do with the product itself. My 1 cat likes to play and chew on the cat stick.,neutral,positive
"It works but I have not checked it yet for RF interference with other electronics, radios, etc.",positive,neutral
Navy color is 40% polyester. Stitching coming loose after a few washes.,negative,negative
I think I got a size too big and their are weird wrinkling at the thigh area. I got them bigger to be appropriate for casual work or church social occasions without fitting too tight. The color was nice and the pair I have are soft. I will try washing them in hot water to see if they shrink a little.,neutral,neutral
have not tried yet will let you know at another time,positive,neutral
"These hooks are very attractive and sturdy, however, they’re much smaller than they appear. They’re great for small needs. I needed them to hang curtains, but they weren’t big enough. I thought of using them to hang mugs so I wouldn’t have to return them, but they were too small for that purpose, as well. The bronze finish is very nice.",neutral,neutral
"Makes this slim phone bulky. Well-padded, good protection.",neutral,neutral
I wanted to take these for at least a month before writing the review. They did help with some of the symptoms of PCOS BUT I wanted it to help me ovulate and instead I've been spotting for 3 days 2 weeks after taking them. My periods are normally regular so I've never done this before. My period wasn't due for another week when I started spotting. Disappointed):,negative,negative
"Really disappointed. I literally opened my package, put them on, and discovered he Velcro on the left hip was halfway torn off. I can sew it sure, but why would I have paid $40 for pants I would just need to sew Update: while initially upset, I did manage to sew the Velcro back on nice and snug. Taking them out Sunday to ride. Will update review based on Sunday’s performance.",neutral,negative
"We have a smooth collie who is about 80 pounds. Thank goodness she just jumps into the tub. When she jumps back out it takes multiple towels to get her dry enough to use the hair dryer. Yes, she really is a typical girl and does not mind the hair dryer at all. I bought this hoping it would absorb enough to get her dry without any additional towels. Did not work for Stella. Now, I am sure it would work for a small dog and is a very nice towel. If you have a small dog, go ahead and get it.",neutral,neutral
None of them worked.,negative,negative
"I ordered this 5 months ago. Amazon said they sent an email to the manufacturer for me, then they sent me an email saying that the manufacturer no longer had email. Huh?! Amazon also said that could do nothing about it.",negative,negative
I order hot pink. Look at that. That's red. But label is hot pink No return? Omg!!!!!,negative,negative
"poor materials, lacks some sizes...the need is for an excellent, versatile set....this one doesn’t meet my needs....its chinese made...",neutral,negative
Pretty but cheaply made. Broke first time I put on,neutral,negative
"This ofcourse works best when the pineapple is straight which nature does not typically try to ensure. It cuts into the pineapple fine, but I think you have to be careful pulling it back out or you will end up with a bigger mess than just cutting the whole thing by hand. Unless you are eating pineapple every day, I don't think this item is worth it. It is also an inconvenient size to store",neutral,negative
"Essential reading for those who want to learn how to best contribute to redirecting the trajectory of humanity. These lessons should be taught to every educator, government official, CEO, college student, and ambitious teenager.",positive,positive
Arrived broken! Bulb was fine but didn’t work...disappointing,negative,negative
"Cute, soft and great for a baby that’s 1 and loves Bubble Guppies.",positive,positive
Gave as a gift....? If it actually wirks,neutral,negative
Not used. No lable in it to make return,neutral,neutral
My son loves this watch very much. No problem with it. He loves all the features.,neutral,positive
Absolutely worthless! Adhesive does not stick!,negative,negative
Very nice. My Grand daughters love there chef bonnets and aprons.,positive,positive
"I was looking for an inexpensive pair of Bluetooth headphones for the gym. Bought these bc of the charging case and sleek look. Didn’t expect them to sound as good as actual AirPods. Instead they are on par with headphones I’ve gotten at $5 Below. Absolute rubbish. Again, I wasn’t expecting much in the sound quality department...but these are brutal. No way to enjoy music with these. Do yourself a favor and spend a few more dollars for something with any sort of quality.",negative,negative
The concept of this would be great but the silicone band (for preventing slipping) is not stretchy enough and makes it impossible to get over my hips. And my hips are not that large... I'm not convinced it would be all that comfortable for a petite person either since the fabric is more stretchy than the silicone. I ended up sending this one back.,negative,negative
"Too Warm - Expected it to be made out of a material like a bath towel. Very soft, but seems like an old lady would wear this to stay warm inside a building that the A/C is on in the summertime on a 95 degree day...",negative,negative
"I really wanted to like these. I got them specifically for driving as they have better allowance for peripheral vision. Problem is, like most low price point sunglasses they have a lens distortion. The distortion is subtle/minimal compared to other cheap models however it is most definitely still there and will wear on your eyes in the end. What a shame - otherwise the frame quality is quite good",negative,neutral
They are ok except. The fitted pops off.,positive,negative
"The child hat is ridiculously small. It was not even close to the right size for my 3 year old son. I checked the size, and it wouldn't have even fit him as a newborn. I liked the adult hat but it is not sold separately. The seller was rude and unhelpful when I contacted them directly through Amazon. The faux fur pom was either already torn or tore when I was trying on the hat. See the attached photograph. The pom came aprt, exposing the inner fluff.",negative,negative
After 5 months I have lost some of my debit/credit cards. The slots became too loose and the cards slip out easily. On the other hand the case used as a phone holder/protector works great. The manufacturer needed to add a strap or mechanism to prevent cards from becoming dislodged.,neutral,neutral
"Cook delicious, healthy and easy to prepare straight from my kitchen. This book all foods very good take this book you can weight loss easily.You can improve self-confidence day by day.",positive,positive
Water bottle doesn’t fit them. I sent them back,negative,negative
"Some panties were way too small but most for just right. Cute, good variety, good price.",neutral,positive
"I own a Pampered Chef small scoop, but am in between residences so most of my 'stuff' is in storage. I love using these scoops while baking for perfectly portioned cookies. I looked at the OXO scoop and the Pampered Chef scoop and decided to save some money and get the OXO one - I usually have good luck with their products. Not this one. At about peanut butter cookie #30 the lever inside the scoop stopped working. I had to pry the handles apart and re-position the lever in order to do a few more, and then repeat. So... save your sanity and buy the Pampered Chef scoop. It's totally worth it!",negative,negative
Installation instructions are vague and pins are cheap. It gets the job done but I dont feel it will last very long. Cheaply made. Update: lasted 3 months and I didn't even put the max weight on a single line.,negative,negative
I received a broken angle plate and i m very upset for the package!!!!!!,negative,negative
Has some small pebbles in it but it’s not made for consumption so I figured may have some in it.,positive,neutral
"Kat has her hands full trying to solve the murder of a judge---and clear her husband's name. He is a district attorney and is too busy trying to get on top of a case that he inherited only a day or two before--thanks to that judge! So, in-between attempting to write her next book, taking care of the dogs and cooking so her husband will at least eat one meal a day--she calls on everyone possible to get to the bottom of this. She really meets up with some interesting characters. And of course everyone is telling her what they know--the phone is ringing off the hook--and she is using a lot of gas!! This delves into the porn industry in a very sensitive way-it will not offend anyone. It also tells ways to help those addicted. The ending will definitely surprise you and left me feeling sad for one of the characters, but not the murderer!",positive,negative
It's nice to be able to read a good mystery without the profanity and elicit sex most novels peddle to sell their books!,positive,positive
"I am not sure yet, it doesn’t look very healthy",neutral,negative
It does it’s job the the clip is a little flimsy,neutral,neutral
Very nice color. Good quality the price we paid for.,positive,neutral
"After researching Monk fruit I found these. Came in good packaging, I cracked 1 open and boiled it to make the tea. It is defiantly sweet, I add water & Ice and it tastes like sweet tea to me. after a month, I cracked another 1 open and it was still good and made more tea out of it. Happy with it, hoping it does have healthful benefits. thx",positive,positive
Very easy install. Directions provided were simple to understand. Lamp worked on first try! Thanks!,positive,positive
The functionality of this product works as expected. Used for student with ADHD. This timer should cost around $5. It gets 3 stars overall because it is priced too high.,neutral,neutral
It’s a great bag great design however it should come in sizes. I’m 6’4 275 it’s really tight.,neutral,neutral
Guests were still able to remove.,neutral,negative
"A small portion of the rubber surrounding the front of the case started peeling off/bubbling within 10 days of normal use. I’m thinking this issue is not widespread...? Hard to hear when phone not in speaker/Bluetooth mode. Besides those issues, the case fits perfectly and protects the phone as advertised.",neutral,neutral
Works great for that purpose but they aren't really well made. Ok for the money,positive,neutral
And it’s not impressive but... I do love ferrets enough to waste $,neutral,negative
"Easy to set up smarthome plug. Doubles your outlet space without blocking the second socket. Each socket has a manual control as well as smarthome control. Not for 5G connections, which is a shame, but works well & has indicator lights around the manual buttons. Will be using this for in-demand countertop sockets.",positive,positive
I like these boots and they are very comfortable but it took a few tries to get the right one. I wear a 10 in sneakers but settled on the 9 for this boot. The 8 fit much better around my leg but was just too small for my feet. Since it has free returns and shipping it wasn’t an issue.,positive,positive
"Product was fine, but it took WEEKS for delivery. If I'd known it was made in and shipped from China, I wouldn't have ordered this one.",neutral,negative
Easy to install. Plug and play. Will make a huge difference riding at night.,positive,positive
"The overall product was a fair purchase. It was higher priced than worth it and when compared to other leather purchases, I was more pleased with the ones not from amazon. In reality, it was a 12” by 12” leather square that really couldn’t do much except give me an idea of what I wanted to do if I had more. Wouldn’t recommend for new leather purchasers unless you literally want that specific size. All in all, it just wasn’t worth it for me.",neutral,neutral
Smells earthy. Watery.,neutral,neutral
I did not get my package from poster,negative,negative
I never received this and I was need to go to the store to buy a replacement,negative,negative
I like everything about the pill box except its size. I take a lot of supplements and the dispenser is just too small to hold all the pills that I take.,neutral,negative
These are made to fit glasses that are thin from top to bottom width is good,positive,positive
Love the concept. Whoever packaged and delivered this messed up. One of the wine glasses were broken in half. I even found a dead moth in the thermal pocket! How long has that been in there for??? Other than that it’s cool but I’m pretty sad that I didn’t get it 100% how it was promised.,neutral,negative
If the speaker would of been a little louder this would be amazing,neutral,negative
"O bought this as a gift. This book is well written and illustrated but the new baby is a ""boy"". No where in the description of the product does it indicate that. I won't be able to give this if the new sibling is a girl.",neutral,negative
Couldn't take it anymore - had to throw out the hot smelly box before it stunk up the garage. Fellow Amazons - YOU HAVE BEEN WARNED! THE BAGS SMELL LIKE CIG's!!!!!!!!,negative,negative
"They are the right size, but have no odor control like the Breeze pads That’s important to me with two large cats. I’d rather have the odor control than save the money, as I live in a small apartment,& I don’t enjoy smelling cat pee.",negative,negative
Exactly as pictured. Easy to use and looks great.,positive,positive
The seller is not honest... The product has no date and no original box.. Bad.,negative,negative
Not super sturdy but does the trick,positive,neutral
"the taste was good. however when I received it, the packages were melted. I put them in the freezer and broke hem apart as I ate them. will not order them again for this reason",positive,negative
I thought the key portion was detachable like the one I bought a few years ago. I had to buy one that didn't have the key.,negative,negative
"It seems strong and looks nice. It feels great on my face, I am happy with this purchase",positive,positive
Definitely not Carolina Reaper Peppers. These look like Thai chili peppers. Do not buy. Big waste of money.,negative,negative
Help..... I ordered and paid for one and received 3. How do we handle this?? Don’t publish.... just answer,neutral,negative
"The case works well and charges the phone quickly. However, it is bulky and a headphone adapter is needed to use the headphone jack. The case comes with the adapter but be prepared to carry it with you when you want to use headphones.",negative,neutral
There are no pockets for organization inside this bag. There are flat divided areas on the outside but not convenient. The material is good and has been durable thus far.,neutral,neutral
Good product especially for the price,positive,positive
"This is a very nice skirt. The lacy pattern is classy and soft. It doesn't wrinkle, even after being crammed into plastic and a box it was very smooth, so that's really cool. This can easily be dressed down or dressed up, and has a kind of vintage feel due to the length and cut, which I'm really into. I think this could be flattering on anyone. I'm 5'5"" and 130 pounds and I ordered the small, so I would say if you feel like you're stuck between a small and medium, definitely size down.",positive,positive
"several of the balls did not squeak at all. Overall, poor quality",negative,negative
I bought this for my son who recently started classes at college. It has been perfect for all the things he needs to access while at school.we have no issues with the adapter and it has been great having additional ports. Love how compact it is and it stores easily in his laptop case. Great product!,positive,positive
"We bought this to do something unusual for a motorcycle lift. We have an electric bed and my wife developed physical constraints that keep her from crawling into bed because the legs of the bed are too high and therefor the bed is too high. So I bought this lift to raise her up about 6 inches and it works great. I have a high torque drill and uses it to rotate the mechanism. It works well! But, one question I plan to write the seller is: Because we are not lifting up some thing that is centered, the lift developed a side to side looseness that I want to fix. I try to get my wife's feet in the center but the leaning load is taking its toll on the lift. If I was lifting a motorcycle I can't say enough good about it.",positive,positive
Ive just had the second one fail on me.....they last about 1-2 years then the LCD starts to fail. I was smart and purchase Asurion insurance with the second one......just filed a claim now - bext $4 ive purchased :) Almost feel bad making the claim as i knew probably was going to fail based on previous experience. This said....when its working the la Crosse unit is very functional and stylish.....this said they've now withdrawn it from their line....i assume because they kept failing/return rates.,negative,negative
"While this product broke and I had originally written a negative review, customer service of this company reached out to me and gave me a full refund, so I am quite happy! The actual ottoman was great before it unfortunately broke on me.",positive,positive
"Great earbuds for the price, while they lasted. I bought these less than 7 months ago, and the left channel is all but dead. They sounded really good and I wish they had lasted longer.",neutral,negative
"The show is great, and the package and discs were in great condition. My only complaint is that instead of getting DvD 2 for the first half, I got a second DvD 1.",neutral,negative
"I like heat but this is a little ridiculous. It is all heat, no ranch flavor at all. Even cutting it with normal ranch the taste is way off.",negative,negative
"Due to the size of the computer part of the bracelet, it is a bit stiff on my wrist. Maybe my wrist is small. If that part could be even just 1/4 inch smaller, I think it would be much better as far as comfort. You can't read it outside. You attach it by pushing two round metal buttons into holes on the opposite end. It isn't the easiest thing to put on. It did fall off once, maybe I didn't push hard enough. I do like that it vibrates when I get a text message and incoming call, but my phone must be fairly close. But for the price I think it is worth it.",neutral,neutral
It leaves white residue all over dishes! Gross!,negative,negative
My little girl loves these books! #3 has been one of our favorites so far!,positive,positive
Only cuts small potatoes.. 1 set of cutters broke,neutral,neutral
Overall it’s a nice bed frame but it comes with scratches all over the frame. It comes with a building kit (kind of like an IKEA building kit) so it takes a while,neutral,neutral
They are a bit narrow as my son has wide feet but size wise they fit well.,neutral,neutral
My dogs like them but I can't tell that they help get rid of the fleas,positive,neutral
The nozzle broke after a week and I reached out to the seller but got no response,negative,negative
I like this planner a lot. However I just discovered it has a flaw in manufacturing. the hole punching is wrong from July -December. I expect pages from December will start to fall out soon.,neutral,negative
"Documentation for the camera was poor, or non-existent. This camera has so many modes and features that a full scale manual should come with it. I got into modes/screens that I couldn't figure out and the ""Start Up Guide,"" was worthless. Trying to find the manual online was another headache; never did find one...",positive,negative
"Okay pool cue. However you can buy one 4 oz. lighter (21 oz,) for 1/3 the price of this 25 oz. cue. Not worth the extra money for the weight difference.",neutral,negative
I love the sound of this system but you can't turn it off permanently. After I turn it off it will turn back on sometimes 20 minutes later and sometimes 2 hours later. It kind of made me fill like there was a video camera inside one of the speakers spying on me. Now I unplug it when I'm done using it. Why would someone want to turn something off just temporarily?,neutral,negative
Does not work. My phone says it is an unrecognized device.,negative,negative
"I do love these chair socks. They match the color of our dining chairs. But they don’t always stay put. I’ve found if you have a chair (or two) that is used more frequently, being pulled in and out from under the table, they weaken the material and slide off the leg. I still continue to use the socks because they are keeping my hardwood floors from scratching but I wish they would have a bit more elastic in them to stay put on the legs.",positive,neutral
"Gave as Christmas gift, stopped working 3 mos. later. Very disappointed because it was a nice product and gave off a good amount of humidity to the air unlike some. I also thought it had a nice style. My return windo is closed unfortunately.",negative,negative
"Great story, characters and everything else. I can not recommend this more!",positive,positive
2 out of four came busted,neutral,negative
Very nice. Looks good in my car. It came in fast. The material is good. I'd buy it again.,positive,positive
This product is a good deal as far as price and the amount of softgels. I also like that it has a high EPA and DHA formula. The only thing I don't like is the fish burps. Maybe they need to add more lemon to the formula,neutral,neutral
Works for lighter posters. Don't hang anything heavy.,positive,negative
The quality is not that great but if worn with the right accessories and shoes you can make it look much better. The high waist is a bit baggy and looked as if it was sagging so you also have a very specific body type to pull this outfit off. I have returned mine.,neutral,neutral
"It is pretty, but was hoping for a full drill.",neutral,negative
These are comfortable but still sweaty they're not what I expected.,negative,neutral
Product was fine but only 2 were in the packet v 3 as advertised. I contacted the distributor they said they would send out another one which they didn't. I never heard back from Amazon either. It was very expensive for two bags!,negative,negative
Works amazing with my dress shoes and canvas shoes!,positive,positive
Didn’t work as well as a similar plastic product.,neutral,negative
"Nice lightweight material without being cheap feeling. Generally the design is nice, except the waist. The sewn in waist band is high. If you are long waisted , it would be way above your waist. I am a medium which is what I ordered. The waistband is about at the last rib in the front. When you tie the attached belt there is an improvement. OK as a house dress for me. I'm 5'4"" and it's bit bit long. I just knotted the corners of the bottom hem...that works.",neutral,neutral
"I wanted to like this; the material it was made out of was very soft and it was a nice size for what I needed. However, this support is too soft for its own good. What good is a back SUPPORT that just squishes as you lean into it? Unfortunately, this SUPPORT did nothing but squish for me, and I returned it. If you're truly looking for SUPPORT I'd look elsewhere.",negative,negative
This product was small and very just thrown together the armholes where placed lower then they should have been.,neutral,negative
The sound is more crisp then the less expensive version. I hope they last...,positive,neutral
"Doesn’t work! You can hear the battery moving back and forth and it feels cheaply made, wouldn’t recommend to anyone would actually tell them not to buy from them.",negative,negative
Should have read more reviews. Sounds like you need to be ready to sharpen this one every 2 or 3 fish,neutral,negative
Very powerful. I made whipped cream in less than a minute. Makes great mayo. I'm on the paleo diet and this is a must have.,positive,positive
"I love the glass design and the shape is comfortable in one hand. My first purchase of this kettle lasted for two years of daily use. The hinge on the lid is fragile, and since the lid doesn't flip entirely back - it gets strained and broke within the year. Everything else worked fine until the auto shut-off stopped working after two years. For safety, I bought a new one which has now stopped working entirely after 17 months. I still love the design, but for $58 I expected it to last longer.",neutral,neutral
Goddaughter enjoyed it.,positive,positive
"They were really cute, I wore them a lot during the summer but they turned all brown and rusty and lost their shine after a couple months",neutral,negative
Good holder all around. Only thing I didn't love was the Plastic Clip seems cheap.,positive,neutral
Water pump works perfectly and arrived as promised.,positive,positive
"This is the first book I've read by Marcia Clark and my last. Until the epilogue, I'd been thinking the story was too improbable to be great, but I was thinking I'd probably wind up buying her others eventually. Perhaps the epilogue incorporated information from a previous novel, but I could see no reason to include the shocking information. For me it ruined the main character.",neutral,negative
Wish this had more taste. Was very excited to receive only to be disappointed with lack of flavor. Perhaps add a low sodium bullion cube to enhance flavor.,neutral,negative
The comforter is super hot but washed the first time and the fabric ripped. Super cheap quality.,negative,negative
Torch seems to be doing fine for a while. Now the butane continues even after I release and it occasionally doesn't come out in torch form. Spits and sputters the butane out and makes more of a dragon type flame.,negative,negative
"The one star is for UPS. I wish I had been home when delivery was made because I would have refused it. I have initiated return procedures, so hopefully when seller gets this mess back I will receive my $60 in a timely manner.",negative,negative
"Dear Santa: Children’s Christmas Letters and Wish Lists, 1870 – 1920 by Chronicle Books What I like about this book are many things. Not only for children but adults as there is so much history to learn about. love that they show color photos of a scene during the book. So much history: how the Santa letter came about over the years, the origins of Santa. Each section of years has a summary and toy terminology and the charm of children, living history section and a don't miss area before it gets into the letters. Amazing to learn when tinker toys were invented among other toys that we in our 60's remember. So many fond memories over the years, what a treasure this book is.",positive,positive
I was sooo excited to order these for my children. I also ordered a set for myself. After using one I found it was hard to slide the closer but chalked it up to the fact it was new. My husband used it and cracked the slide the first time he tried to open it. It is also very hard to keep open when you are trying to pour into it. Great idea but it needs some more work on the quality of the slide and shape of the bag.,negative,neutral
"These are okay headphones, they are what I expected for the price so I'm happy with them.",positive,positive
The small wrench was worthless. Ended up having to buy a new blender.,negative,negative
It's the size of a child's toy. Good to use for a light touch up before company. It takes a while to get the same spot clean.,positive,neutral
"Without a way to tell if this was giving any signal to my dogs, I can't really say whether my dogs just aren't responsive to this type of correction or whether it may not have been actually emitting. It appeared to be in working order and was shipped rapidly and packaged well. The lights in it would indicate power and response to the dogs. I can't give it less stars than 3 as it may just be my dogs and not an issue with the product. I also cannot give more than 3 stars as I had no way to verify that the product was emitting a signal to the dogs. I DO absolutely recommend trying it out, as it may work fine for your barking issues. It's worth a try. Return process was painless.",neutral,neutral
"Had to drill out two of them to fit, but overall work great.",neutral,neutral
"Good cost/value ratio...this is a LARGE bag of marshmallows! Would make a great snack for a bridal or baby shower. Package arrived very fresh. Only problem I had with this item was although they were quite tasty, they are just plain marshmallow flavor...I detected no trace of any strawberry flavoring as advertised.",positive,neutral
Two Stars because what I received wasn't what you see in the picture!! In the picture theres no nose cover which is what i wanted. Instead i received the kind that cover my nose. Second the velcro doesn't adjust it has only one setting and the velcro is misplaced the harder hooked part should face away from the head not towards it. Theres nothing like a Sleep mask thats two tight and catches your hair because you tried to adjust it.,negative,negative
Outstanding product exceeds my expectations....,positive,positive
I opened my package to discover it had opened and spilled everywhere! I went to return the item as defective and found out it isn’t returnable. Now I have 3 lbs of gum balls I have to throw out because I have no idea on how sanitary the boxes are and where they have been.,negative,negative
"I saw this and thought it would be good to store the myriad of batts that I have. You must know that this is made to hang on the wall. The lid does not lock down in any way it just hangs lose and bangs into the Size C batts. You can lay it flat but remember the lid does not in any way hold the batteries from falling out if you turn it to the side, Now for me the biggest disappointment is that there are no slots for the batteries that use the most, the CR 123 batts. I rate it just barely useful. I should have read more carefully the description. It is too much trouble to return it so I'll keep it and buy smaller cases with locking lids",neutral,negative
Neither myself or my seven-year-old son was able to make this thing work.,negative,negative
Not sure but I don't think the infrared light last as long as the regular ones do. Only lasted me a little over a year. I'm not sure how long the warranty is or how to get a replacement.,negative,negative
"This tripod worked very well for time lapses, landscapes, and Milky Way pictures. Unfortunately, it fell apart very quickly and is no longer functional.",neutral,negative
The necklace was very nice and beautiful. We bought this for a cousin of ours that loves horses. Although it did not arrive on time. It was a day late and made us late for our cousins birthday party because we were waiting for it to arrive. I am only giving it 4 stars because it arrived late.,positive,neutral
"Helps hide cargo when parked and also partitions off the cargo area from the cabin, making air conditioning and heating work more effectively.",positive,positive
I won’t order this you will be wasting your time money and energy,negative,negative
